{"cameraMode":{"drawMode":0,"name":"Shaded","section":"Shading Mode"},"sceneLighting":true,"audioPlay":false,"sceneViewState":{"showFog":true,"showMaterialUpdate":false,"showSkybox":true,"showFlares":true,"showImageEffects":true,"showParticleSystems":true},"in2DMode":false,"pivot":{"x":-781.9065551757813,"y":-639.22802734375,"z":958.64013671875},"rotation":{"x":-0.39580368995666506,"y":0.5983982682228088,"z":-0.4357340931892395,"w":-0.5435190200805664},"size":750.7191772460938,"orthographic":false}