{"cameraMode":{"drawMode":0,"name":"Shaded","section":"Shading Mode"},"sceneLighting":true,"audioPlay":false,"sceneViewState":{"showFog":true,"showMaterialUpdate":false,"showSkybox":true,"showFlares":true,"showImageEffects":true,"showParticleSystems":true},"in2DMode":false,"pivot":{"x":-2178.0771484375,"y":-1808.648681640625,"z":4464.6767578125},"rotation":{"x":-0.4507914185523987,"y":-0.07614556699991226,"z":0.03864074498414993,"w":-0.8885470628738403},"size":6989.19970703125,"orthographic":false}