{"cameraMode":{"drawMode":0,"name":"Shaded","section":"Shading Mode"},"sceneLighting":true,"audioPlay":false,"sceneViewState":{"showFog":true,"showMaterialUpdate":false,"showSkybox":true,"showFlares":true,"showImageEffects":true,"showParticleSystems":true},"in2DMode":false,"pivot":{"x":-3798.4619140625,"y":-1688.7255859375,"z":5550.9287109375},"rotation":{"x":-0.23420350253582,"y":0.0023418061900883915,"z":-0.0005560186109505594,"w":-0.9721934199333191},"size":5412.43505859375,"orthographic":false}