{"cameraMode":{"drawMode":0,"name":"Shaded","section":"Shading Mode"},"sceneLighting":true,"audioPlay":false,"sceneViewState":{"showFog":true,"showMaterialUpdate":false,"showSkybox":true,"showFlares":true,"showImageEffects":true,"showParticleSystems":true},"in2DMode":false,"pivot":{"x":-1293.9466552734375,"y":587.4063720703125,"z":2065.14599609375},"rotation":{"x":0.00463142991065979,"y":0.8717595934867859,"z":-0.49177953600883486,"w":-0.03823914751410484},"size":3862.436279296875,"orthographic":false}