{"cameraMode":{"drawMode":0,"name":"Shaded","section":"Shading Mode"},"sceneLighting":true,"audioPlay":false,"sceneViewState":{"showFog":true,"showMaterialUpdate":false,"showSkybox":true,"showFlares":true,"showImageEffects":true,"showParticleSystems":true},"in2DMode":false,"pivot":{"x":-3453.148193359375,"y":888.0347900390625,"z":4211.79443359375},"rotation":{"x":0.11161951720714569,"y":0.02831795997917652,"z":-0.003181928303092718,"w":0.9933428168296814},"size":1118.4632568359375,"orthographic":false}